frame,voxel_size,distance_threshold,clusters,voxel_points,ground_points,noise_points,mean_dx_m,mean_dy_m,mean_dz_m,nearest_m,nearest_return_m,latency_median_ms,latency_min_ms,latency_max_ms,latency_p95_ms
000001,0.05,0.03,36.0,34371.0,11755.0,222.0,3.00345828834947,1.2589907953170716,0.2648888804294445,3.9678470617325665,1.5919788078221546,104.71925000001647,94.43089999990661,131.83300000014242,115.3356800001916
000001,0.05,0.08,30.0,34371.0,14544.0,251.0,4.079616612576259,1.0893667141596477,0.27007222904099365,4.038874370373092,1.5919788078221546,116.55444999996689,91.99439999997594,189.0949000001001,181.7295500000114
000001,0.05,0.3,10.0,34371.0,20976.0,97.0,5.4380501065636055,1.4355000734329224,0.5631000131368638,4.2744637150667355,1.5919788078221546,152.22110000001976,145.9800999998606,177.6898999999048,166.68519500011598
000001,0.1,0.03,30.0,21177.0,6148.0,240.0,3.3300566391018216,1.2130759105086326,0.2985244349307485,3.980364938056005,1.5919788078221546,96.25324999990426,87.08709999996245,113.24530000001687,103.42524499993716
000001,0.1,0.08,33.0,21177.0,7795.0,310.0,3.2835630923921166,1.0102878483858975,0.2496439400646422,4.039950603907879,1.5919788078221546,93.79264999995485,87.80139999998937,104.3641999999636,98.76186000002463
000001,0.1,0.3,10.0,21177.0,11619.0,98.0,5.3707003852818165,1.4782000541687013,0.6044600091129542,5.084856347589632,1.5919788078221546,83.21274999991601,77.69930000017666,92.60719999997491,87.21119999999019
000001,0.3,0.03,30.0,5844.0,1444.0,694.0,2.739596034915721,1.2731463135897167,0.41835719850437403,4.017940983858082,1.6013933090238106,32.422849999875325,28.16150000012385,39.63100000009945,39.42295000008471
000001,0.3,0.08,20.0,5844.0,1984.0,611.0,2.5873024560038984,1.3189191341400146,0.5269062638566608,4.171754711603719,1.6013933090238106,27.907249999884698,22.032299999864335,40.459499999997206,38.76859500002183
000001,0.3,0.3,11.0,5844.0,3238.0,175.0,4.574073457286378,1.4854106592409537,0.9225299146949735,5.186499664622901,1.6013933090238106,24.10500000007687,19.891600000164544,37.94730000004165,35.8267099998443
000011,0.05,0.03,39.0,34155.0,8340.0,71.0,3.258743587994757,3.150974351626176,0.6726794873770231,1.552676361023914,1.552676361023914,232.2484500000428,170.95220000010158,263.3758999998008,258.44587500009766
000011,0.05,0.08,28.0,34155.0,13510.0,56.0,2.781374878058809,1.8152142741850443,0.9672142736214612,1.552676361023914,1.552676361023914,241.45850000013525,207.22860000000765,279.9571000000469,274.9308400000359
000011,0.05,0.3,35.0,34155.0,17024.0,40.0,1.9444712212641857,0.9172571522848947,0.9495428524379219,1.552676361023914,1.552676361023914,228.2401499999196,205.3221000001031,249.71660000005613,249.7140349999654
000011,0.1,0.03,42.0,18956.0,4234.0,66.0,3.0111486262409017,3.100189649491083,0.6864751859287184,1.5734543254129596,1.5734543254129596,78.36640000004991,72.96259999998256,92.24410000001626,89.3448900001431
000011,0.1,0.08,38.0,18956.0,7589.0,50.0,2.224712601703543,1.3869517392625934,0.9587828900436298,1.5734543254129596,1.5734543254129596,70.02895000005083,64.86190000009628,73.52519999994911,71.39254499990102
000011,0.1,0.3,34.0,18956.0,9578.0,41.0,1.9813405109761173,0.9095490013851839,0.9714669096374922,1.5734543254129596,1.5734543254129596,65.88735000002544,60.10169999990467,69.00229999996554,68.79747999992105
000011,0.3,0.03,25.0,4822.0,1063.0,772.0,3.0856528432806996,1.8728959033671564,1.1682161165667488,1.5734543254129596,1.5734543254129596,24.746599999957652,21.81380000001809,35.20739999999023,32.57362000007333
000011,0.3,0.08,23.0,4822.0,2125.0,297.0,2.934192822313927,1.4180611882150542,1.2480708609216646,1.5734543254129596,1.5734543254129596,26.23045000007096,17.631100000016886,34.44039999999404,33.587584999997944
000011,0.3,0.3,17.0,4822.0,2766.0,179.0,3.4196416258349718,1.4399905193085762,1.2456314875799068,1.5734543254129596,1.5734543254129596,20.331700000042474,15.877000000045882,36.60400000012487,32.57466999995131
000049,0.05,0.03,43.0,24326.0,6709.0,81.0,1.9517092846420616,2.116988333526912,0.7245697655224119,2.423812020606089,1.6832902395483038,152.1888999999419,102.37009999991642,170.26929999997265,169.60439499999893
000049,0.05,0.08,39.0,24326.0,10484.0,63.0,1.943709315962962,1.4547051275387788,0.8917863157928053,2.423812020606089,1.6832902395483038,131.02524999987963,122.3317000001316,141.31939999992937,139.99671500001796
000049,0.05,0.3,33.0,24326.0,12625.0,48.0,1.9664846978460748,1.3382242688626953,1.039475762417935,2.423812020606089,1.6832902395483038,115.39200000004257,111.32150000003094,125.2802999999858,122.77153999988286
000049,0.1,0.03,39.0,13176.0,3573.0,123.0,2.0805652592506294,1.9291927420685435,0.8318632380742358,2.423812020606089,1.7125125685497224,51.03335000012521,48.32219999980225,56.45380000009936,55.538665000131004
000049,0.1,0.08,33.0,13176.0,5443.0,79.0,2.2277032890159525,1.6862071051140024,1.0453459506506346,2.423812020606089,1.7125125685497224,46.06829999988804,43.50789999989502,49.597199999880104,48.618795000049886
000049,0.1,0.3,30.0,13176.0,6801.0,63.0,2.1279847430582675,1.4494000444809596,1.1306055571383762,2.423812020606089,1.7125125685497224,43.19315000009283,40.9085999999661,45.68919999996979,45.386054999903536
000049,0.3,0.03,28.0,3408.0,911.0,310.0,2.5113394596815537,1.7224875008799583,1.0654126997644215,2.4748292162337764,1.7378288632946026,21.856899999875168,18.736600000011094,32.097499999963475,31.61670500002174
000049,0.3,0.08,31.0,3408.0,1454.0,178.0,2.1786453795143412,1.4141698656990302,1.0344163263469999,2.4748292162337764,1.7378288632946026,21.642299999939496,14.235300000109419,32.762499999989814,28.60311499989621
000049,0.3,0.3,30.0,3408.0,1833.0,127.0,1.9203855354645436,1.2921492066125841,0.964937694287336,2.4748292162337764,1.7378288632946026,15.081049999935203,13.977500000009968,28.818800000181,28.229895000015404
